{"cameraMode":{"drawMode":0,"name":"Shaded","section":"Shading Mode"},"sceneLighting":false,"audioPlay":false,"sceneViewState":{"m_AlwaysRefresh":false,"showFog":true,"showSkybox":false,"showFlares":true,"showImageEffects":true,"showParticleSystems":true,"showVisualEffectGraphs":true,"m_FxEnabled":true},"in2DMode":false,"pivot":{"x":-0.03383469581604004,"y":-0.35942035913467409,"z":0.015875842422246934},"rotation":{"x":0.15669924020767213,"y":-0.694837749004364,"z":0.15925444662570954,"w":0.6836576461791992},"size":0.7141428589820862,"orthographic":false}