{"cameraMode":{"drawMode":0,"name":"Shaded","section":"Shading Mode"},"sceneLighting":false,"audioPlay":false,"sceneViewState":{"m_AlwaysRefresh":false,"showFog":true,"showSkybox":false,"showFlares":true,"showImageEffects":true,"showParticleSystems":true,"showVisualEffectGraphs":true,"m_FxEnabled":true},"in2DMode":false,"pivot":{"x":86.28362274169922,"y":387.53509521484377,"z":1.65289306640625},"rotation":{"x":0.012310324236750603,"y":-0.003006309038028121,"z":0.00004038177939946763,"w":0.9999696016311646},"size":259.77978515625,"orthographic":false}